{"NumOpeningMoves":2,"NumMovesRepeatedPieceMovement":84,"EarlyQueenMovesPenalty":0.5096094488436371,"EarlyOverextendingPenalty":1.8856771118380589,"EarlyKnighBishopDevelopmentBonus":1.9306361936267638,"RepeatedPieceMovePenalty":1.3570931050922093,"KnightOnEdgePenalty":1.2851988108096648,"RepeatedPositionPenalty":1.1954115757869455}