{"NumOpeningMoves":10,"NumMovesRepeatedPieceMovement":14,"EarlyQueenMovesPenalty":1.680014131641731,"EarlyOverextendingPenalty":1.9464738407165596,"EarlyKnighBishopDevelopmentBonus":0.15567265932620866,"RepeatedPieceMovePenalty":0.575573843870812,"KnightOnEdgePenalty":1.2203583361386992,"RepeatedPositionPenalty":0.5421584039885184}