{"NumOpeningMoves":5,"NumMovesRepeatedPieceMovement":92,"EarlyQueenMovesPenalty":1.4130488021890286,"EarlyOverextendingPenalty":0.14565738261264882,"EarlyKnighBishopDevelopmentBonus":0.5733094266489882,"RepeatedPieceMovePenalty":0.9197157447628903,"KnightOnEdgePenalty":0.7799373921836694,"RepeatedPositionPenalty":0.7311405926754486}